Age_Group,Estimated_Deaths
0-14,0
15-24,0.00032
25-34,0.00039
35-44,0.001
45-54,0.0029
55-64,0.01
65-74,0.07
75plus,0.22
